Participant,Station Name,Region,Dispatch Type,Category,Classification,Fuel Source - Primary,Fuel Source - Descriptor,Technology Type - Primary,Technology Type - Descriptor,Units,Aggregation,DUID,Reg Cap generation (MW),Max Cap generation (MW),Max ROC/Min generation,Reg Cap consumption (MW),Max Cap consumption (MW),Max ROC/Min consumption,Maximum storage capacity,Latitude,Longitude
AGL Dalrymple Pty Limited,Dalrymple North BESS,SA1,Bidirectional Unit,Market,Scheduled,Battery storage,Grid,Storage,Battery,1-12,Y,DALNTH1,30,30,720,30,30,720,12.2,-34.936,137.744
South Australian Water Corporation,Adelaide Desalination Plant,SA1,Generating Unit,Market,Scheduled,Battery storage,Grid,Storage,Battery and Inverter,1-3,Y,ADPBA1G,7.76,6.15,2,,,,,-35.1018,138.4839
South Australian Water Corporation,Adelaide Desalination Plant,SA1,Load,Market,Scheduled,Battery storage,Grid,Storage,Battery and Inverter,1-3,Y,ADPBA1L,7.76,6.15,2,,,,,-35.1018,138.4839
AGL Macquarie Pty Limited,Broken Hill BESS,NSW1,Bidirectional Unit,Market,Scheduled,Battery storage,Grid,Storage,Battery and Inverter,1-44,Y,BHB1,66,50,20,66,50,20,50,-31.9866,141.4589
AGL SA Generation Pty Limited,Torrens Island BESS,SA1,Bidirectional Unit,Market,Scheduled,Battery Storage,Grid,Storage,Battery and Inverter,1-109,Y,TIB1,250,250,100,250,250,100,250,-34.8068,138.5213
AGL Sales (Queensland Electricity) Pty Limited,Wandoan BESS,QLD1,Bidirectional Unit,Market,Scheduled,Battery storage,Grid,Storage,Battery,1-34,Y,WANDB1,123,100,40,123,100,40,150,-26.1963,149.8828
Berrybank 2 Asset Pty Ltd as trustee for Berrybank 2 Asset Trust,Queanbeyan BESS,NSW1,Bidirectional Unit,Market,Scheduled,Battery storage,Grid,Storage,Battery and Inverter,1-8,Y,QBYNB1,10,10,16,10,10,16,20,-35.3528,149.2325
Blyth Battery Pty Ltd as the Trustee for Blyth Battery Trust,Blyth BESS,SA1,Bidirectional Unit,Market,Scheduled,Battery storage,Grid,Storage,Battery and Inverter,1-64,Y,BLYTHB1,281,200,80,281,200,80,400,-33.8474,138.4032
Bouldercombe Battery Project Co Pty Ltd as trustee for Bouldercombe Battery Project Trust,Bouldercombe Battery Project,QLD1,Bidirectional Unit,market,Scheduled,Battery storage,Grid,Storage,Battery and Inverter,1-40,Y,BBATTERY1,67,50,160,67,50,160,100,-23.53274,150.48979
Bulgana Wind Farm Pty Ltd,Bulgana Green Power Hub,VIC1,Bidirectional Unit,Market,Scheduled,Battery storage,Grid,Storage,Battery,1-40,Y,BULBES1,24,20,8,24,20,8,34,-37.0998,142.9654
Capital Battery Pty Ltd as Trustee for Capital Battery Trust,Capital Battery,NSW1,Bidirectional Unit,Market,Scheduled,Battery storage,Grid,Storage,Battery and Inverter,1-33,Y,CAPBES1,125,100,132,125,100,132,200,-35.3448,149.2457
CS Energy Limited,"Chinchilla BESS, Units 1-80",QLD1,Bidirectional Unit,Market,Scheduled,Battery storage,Grid,Storage,Battery and Inverter,1-80,Y,CHBESS1,134,100,40,134,100,40,200,-26.91788,150.75074
CS Energy Limited,Greenbank BESS,QLD1,Bidirectional Unit,Market,Scheduled,Battery storage,Grid,Storage,Battery,1-108,Y,GREENB1,259.2,200,40,259.2,200,80,400,-27.7667,152.9667
EnergyAustralia Pty Ltd,Ballarat BESS,VIC1,Bidirectional Unit,Market,Scheduled,Battery storage,Grid,Storage,Battery,1-17,Y,BALB1,30,30,720,30,30,720,30,-37.5675,143.9199
EnergyAustralia Pty Ltd,Darlington Point BESS,NSW1,Bidirectional Unit,Market,Scheduled,Battery storage,Grid,Storage,Battery and Inverter,1-16,Y,DPNTB1,25,25,10,25,25,10,50,-34.6472,146.0529
EnergyAustralia Pty Ltd,Gannawarra BESS,VIC1,Bidirectional Unit,Market,Scheduled,Battery storage,Grid,Storage,Battery,1-50,Y,GANNB1,30,30,400,30,30,400,49.85,-35.73389,143.78
EnergyAustralia Pty Ltd,Riverena BESS 2,NSW1,Bidirectional Unit,Market,Scheduled,Battery storage,Grid,Storage,Battery and Inverter,1-52,Y,RIVNB2,65,65,26,65,65,26,130,-34.65,146.03
Equis Energy (Australia) Projects (MREH A1 AssetCo) Pty Ltd as trustee for Equis Energy (Australia) MREH A1 Asset Trust,Melbourne Renewable Energy Hub Connection A1,VIC1,Bidirectional Unit,Market,Scheduled,Battery storage,Grid,Storage,Battery and Inverter,1-112,Y,MREHA1,215.8,200,80,215.8,200,80,400,-38.05,142.19
Equis Energy (Australia) Projects (MREH A2 AssetCo) Pty Ltd as The Trustee for Equis Energy (Australia) MREH A2 Asset Trust,Melbourne Renewable Energy Hub Connection A2,VIC1,Bidirectional Unit,Market,Scheduled,Battery storage,Grid,Storage,Battery and Inverter,1-112,Y,MREHA2,215.8,200,80,215.8,200,80,400,-38.05,142.19
Hazelwood BESS Project Co Pty Ltd as Trustee for the HBESS Asset Trust,Hazelwood BESS,VIC1,Bidirectional Unit,Market,Scheduled,Battery storage,Grid,Storage,Battery and Inverter,1-57,Y,HBESS1,200,150,60,200,150,60,150,-38.271833,146.390879
Hornsdale Power Reserve Pty Ltd,Hornsdale Power Reserve,SA1,Bidirectional Unit,Market,Scheduled,Battery storage,Wind,Storage,Battery and Inverter,1-294,N,HPR1,150,150,54,150,150,54,194,-33.187,138.5863
Iberdrola Australia Wallgrove Pty Limited,Wallgrove BESS 1,NSW1,Bidirectional Unit,Market,Scheduled,Battery storage,Grid,Storage,Battery and Inverter,1-36,Y,WALGRV1,50,50,40,47,47,40,78,-33.8,150.8
Lake Bonney Wind Power Pty Ltd,Lake Bonney BESS1,SA1,Bidirectional Unit,Market,Scheduled,Battery storage,Grid,Storage,Battery,1-48,Y,LBB1,25,25,10,25,52,10,52,-37.738,140.39967
Latrobe Valley BESS as the Trustee for Latrobe Valley BESS Project Trust,Latrobe Valley BESS,VIC1,Bidirectional Unit,Market,Scheduled,Battery storage,Grid,Storage,Battery and Inverter,1-32,Y,LVES1,140,100,40,140,100,40,200,-38.2325,146.4068
Mannum Stage 2 Battery SubCo Pty Ltd as trustee for the Mannum Stage 2 Battery Unit Trust,Mannum BESS,SA1,Bidirectional Unit,Market,Scheduled,Battery storage,Grid,Storage,Battery and Inverter,1-80,Y,MANNUMB1,131.7,100,40,131.7,100,40,200,-34.9,139.3
Mondo Metering Pty Ltd,Phillip Island BESS,VIC1,Bidirectional Unit,Market,Scheduled,Battery storage,Grid,Storage,Battery and Inverter,1-5,Y,PIBESS1,7,5,10,7,5,10,11.9264,-38.4842,145.2443
Munmorah Battery ProjectCo Pty Ltd,Waratah Super Battery,NSW1,Bidirectional Unit,Market,Scheduled,Battery storage,Grid,Storage,Battery and Inverter,1-288,Y,WTAHB1,1095.84,850,340,1095.84,850,340,1679,-33.211781,151.542161
Origin Energy Electricity Limited,Eraring BESS,NSW1,Bidirectional Unit,Market,Scheduled,Battery storage,Grid,Storage,Battery,140,Y,ERB01,614.6,460,184,614.6,460,184,1073,-33.06223,151.521359
Berrybank 2 Asset Pty Ltd as trustee for Berrybank 2 Asset Trust,Queanbeyan BESS,NSW1,Generating Unit,Market,Scheduled,Battery storage,Grid,Storage,Battery and Inverter,1-8,Y,QBYNBG1,10,10,8,,,,,-35.319,149.2338
Berrybank 2 Asset Pty Ltd as trustee for Berrybank 2 Asset Trust,Queanbeyan BESS,NSW1,Load,Market,Scheduled,Battery storage,Grid,Storage,Battery and Inverter,1-8,Y,QBYNBL1,10,10,8,,,,,-35.319,149.2338
Shell Energy Retail Pty Ltd,Koorangie BESS,VIC1,Bidirectional Unit,Market,Scheduled,Battery storage,Grid,Storage,Battery and Inverter,1-100,Y,KESSB1,185,185,74,185,185,74,370,-35.733,143.921
Shell Energy Retail Pty Ltd,Rangebank BESS,VIC1,Bidirectional Unit,Market,Scheduled,Battery storage,Grid,Storage,Battery and Inverter,1-64,Y,RANGEB1,260,200,80,260.8,200,80,400,-38.0848,145.2653
Shell Energy Retail Pty Ltd,Riverina BESS 1,NSW1,Bidirectional Unit,Market,Scheduled,Battery storage,Grid,Storage,Battery and Inverter,1-48,Y,RESS1,80,60,192,80,60,192,120,-34.6,146
South Australian Water Corporation,Adelaide Desalination Plant,SA1,Bidirectional Unit,Market,Scheduled,Battery storage,Grid,Storage,Battery and Inverter,"1,2-3",Y,ADPBA1,7.76,6.15,4,7,6,4,6,-35.1018,138.4839
South Australian Water Corporation,Bolivar Waste Water Treatment Plant,SA1,Bidirectional Unit,Market,Scheduled,Battery storage,Grid,Storage,Battery and Inverter,"1-3, 4-5",Y,BOWWBA1,3,2,2,3,2,2,2,-34.775,138.5889
South Australian Water Corporation,Happy Valley Water Treatment Plant,SA1,Bidirectional Unit,Market,Scheduled,Battery storage,Grid,Storage,Battery and Inverter,"1-5,6-9",Y,HVWWBA1,5,4,2,5,4,2,4,-35.073,138.572
South Australian Water Corporation,Christies Beach Wastewater Treatment Plant,SA1,Bidirectional Unit,Market,Scheduled,Battery storage,Grid,Storage,Battery and Inverter,1-5,Y,CBWWBA1,2.16,2.14,2,2,2,2,2,-35.1245,138.4725
Stanwell Corporation Limited,Tarong BESS,QLD1,Bidirectional Unit,Market,Scheduled,Battery storage,Grid,Storage,Battery and Inverter,1-164,Y,TARBESS1,393,300,120,393,300,120,600,-26.783688,151.915274
Tailem Bend II Project Company Pty Ltd as trustee for the Tailem Bend II Project Trust,Tailem Bend 2 Hybrid Renewable Power Station,SA1,Bidirectional Unit,Market,Scheduled,Battery storage,Grid,Storage,Battery and Inverter,1-14,Y,TB2B1,50,41,18,50,41,18,41,-35.28,139.49
Ulinda Park ProjectCo Pty Ltd,Ulinda Park BESS,QLD1,Bidirectional Unit,Market,Scheduled,Battery storage,Grid,Storage,Battery and Inverter,1-52,Y,ULPBESS1,197,155,62,197,155,62,298,-26.929416,150.719896
Victorian Big Battery Pty Ltd,Victorian Big Battery,VIC1,Bidirectional Unit,Market,Scheduled,Battery storage,Grid,Storage,Battery and Inverter,1-212,Y,VBB1,360,300,110,360,250,110,450,-38.0333,144.2833
Western Downs BESS Pty Ltd as trustee for the Western Downs BESS Trust,Western Downs BESS,QLD1,Bidirectional Unit,Market,Scheduled,Battery storage,Grid,Storage,Battery and Inverter,1-140,Y,WDBESS1,272.48,255,102,272.48,255,102,400,-26.7167,150.7833
ZEN Energy Retail Pty Ltd,Templers BESS,SA1,Bidirectional Unit,Market,Scheduled,Battery Storage,Grid,Storage,Battery and Inverter,1-80,Y,TEMPB1,138,111,44,138,111,44,285,-34.46,138.749