SETTLEMENTDATE,timestamp_utc,asset_label,Station Name,DUID,Region,Participant,Dispatch Type,SCADAVALUE,SIGNED_MW,ABS_MW,BESS_STATE,MAX_DISCHARGE_MW,MAX_CHARGE_MW,STORAGE_MWH,utilisation_pct,Latitude,Longitude,Category,Fuel Source - Primary,Technology Type - Primary,REGION_RRP,REGION_TOTALDEMAND
2026-10-05 19:10:00,2026-10-05T09:10:08.944446,Adelaide Desalination Plant (ADPBA1),Adelaide Desalination Plant,ADPBA1,SA1,South Australian Water Corporation,Bidirectional Unit,0.92,0.92,0.92,Idle,6.15,6.0,6.0,14.96,-35.1018,138.4839,Market,Battery storage,Storage,127.80395,1365.45
2026-10-06 04:20:00,2026-10-05T18:21:42.826630,Adelaide Desalination Plant (ADPBA1),Adelaide Desalination Plant,ADPBA1,SA1,South Australian Water Corporation,Bidirectional Unit,-0.0,-0.0,0.0,Idle,6.15,6.0,6.0,0.0,-35.1018,138.4839,Market,Battery storage,Storage,100.44,1260.98
2026-10-06 10:05:00,2026-10-06T00:09:15.722179,Adelaide Desalination Plant (ADPBA1),Adelaide Desalination Plant,ADPBA1,SA1,South Australian Water Corporation,Bidirectional Unit,-0.13,-0.13,0.13,Idle,6.15,6.0,6.0,2.17,-35.1018,138.4839,Market,Battery storage,Storage,-8.0,816.67
2026-10-06 16:10:00,2026-10-06T06:12:48.117386,Adelaide Desalination Plant (ADPBA1),Adelaide Desalination Plant,ADPBA1,SA1,South Australian Water Corporation,Bidirectional Unit,-0.06,-0.06,0.06,Idle,6.15,6.0,6.0,1.0,-35.1018,138.4839,Market,Battery storage,Storage,-42.48,585.8
2026-10-05 19:10:00,2026-10-05T09:10:08.944446,Ballarat BESS (BALB1),Ballarat BESS,BALB1,VIC1,EnergyAustralia Pty Ltd,Bidirectional Unit,0.0,0.0,0.0,Idle,30.0,30.0,30.0,0.0,-37.5675,143.9199,Market,Battery storage,Storage,121.45766,6316.13
2026-10-06 04:20:00,2026-10-05T18:21:42.826630,Ballarat BESS (BALB1),Ballarat BESS,BALB1,VIC1,EnergyAustralia Pty Ltd,Bidirectional Unit,0.0,0.0,0.0,Idle,30.0,30.0,30.0,0.0,-37.5675,143.9199,Market,Battery storage,Storage,9.57,4746.72
2026-10-06 10:05:00,2026-10-06T00:09:15.722179,Ballarat BESS (BALB1),Ballarat BESS,BALB1,VIC1,EnergyAustralia Pty Ltd,Bidirectional Unit,0.0,0.0,0.0,Idle,30.0,30.0,30.0,0.0,-37.5675,143.9199,Market,Battery storage,Storage,-0.56,5536.92
2026-10-06 16:10:00,2026-10-06T06:12:48.117386,Ballarat BESS (BALB1),Ballarat BESS,BALB1,VIC1,EnergyAustralia Pty Ltd,Bidirectional Unit,0.0,0.0,0.0,Idle,30.0,30.0,30.0,0.0,-37.5675,143.9199,Market,Battery storage,Storage,-16.54,5105.94
2026-10-05 19:10:00,2026-10-05T09:10:08.944446,Bouldercombe Battery Project (BBATTERY1),Bouldercombe Battery Project,BBATTERY1,QLD1,Bouldercombe Battery Project Co Pty Ltd as trustee for Bouldercombe Battery Project Trust,Bidirectional Unit,9.25,9.25,9.25,Discharging,50.0,50.0,100.0,18.5,-23.53274,150.48979,market,Battery storage,Storage,132.37055,7222.04
2026-10-06 04:20:00,2026-10-05T18:21:42.826630,Bouldercombe Battery Project (BBATTERY1),Bouldercombe Battery Project,BBATTERY1,QLD1,Bouldercombe Battery Project Co Pty Ltd as trustee for Bouldercombe Battery Project Trust,Bidirectional Unit,0.0,0.0,0.0,Idle,50.0,50.0,100.0,0.0,-23.53274,150.48979,market,Battery storage,Storage,201.13802,5638.72
2026-10-06 10:05:00,2026-10-06T00:09:15.722179,Bouldercombe Battery Project (BBATTERY1),Bouldercombe Battery Project,BBATTERY1,QLD1,Bouldercombe Battery Project Co Pty Ltd as trustee for Bouldercombe Battery Project Trust,Bidirectional Unit,-1.25,-1.25,1.25,Charging,50.0,50.0,100.0,2.5,-23.53274,150.48979,market,Battery storage,Storage,87.5158,6087.11
2026-10-06 16:10:00,2026-10-06T06:12:48.117386,Bouldercombe Battery Project (BBATTERY1),Bouldercombe Battery Project,BBATTERY1,QLD1,Bouldercombe Battery Project Co Pty Ltd as trustee for Bouldercombe Battery Project Trust,Bidirectional Unit,-0.58,-0.58,0.58,Idle,50.0,50.0,100.0,1.16,-23.53274,150.48979,market,Battery storage,Storage,78.92067,6526.2
2026-10-05 19:10:00,2026-10-05T09:10:08.944446,Broken Hill BESS (BHB1),Broken Hill BESS,BHB1,NSW1,AGL Macquarie Pty Limited,Bidirectional Unit,29.8,29.8,29.8,Discharging,50.0,50.0,50.0,59.6,-31.9866,141.4589,Market,Battery storage,Storage,137.89,7972.41
2026-10-06 04:20:00,2026-10-05T18:21:42.826630,Broken Hill BESS (BHB1),Broken Hill BESS,BHB1,NSW1,AGL Macquarie Pty Limited,Bidirectional Unit,-0.13,-0.13,0.13,Idle,50.0,50.0,50.0,0.26,-31.9866,141.4589,Market,Battery storage,Storage,230.59,6495.4
2026-10-06 10:05:00,2026-10-06T00:09:15.722179,Broken Hill BESS (BHB1),Broken Hill BESS,BHB1,NSW1,AGL Macquarie Pty Limited,Bidirectional Unit,-15.47,-15.47,15.47,Charging,50.0,50.0,50.0,30.94,-31.9866,141.4589,Market,Battery storage,Storage,80.13,4934.32
2026-10-06 16:10:00,2026-10-06T06:12:48.117386,Broken Hill BESS (BHB1),Broken Hill BESS,BHB1,NSW1,AGL Macquarie Pty Limited,Bidirectional Unit,-0.3,-0.3,0.3,Idle,50.0,50.0,50.0,0.6,-31.9866,141.4589,Market,Battery storage,Storage,83.99005,7058.75
2026-10-05 19:10:00,2026-10-05T09:10:08.944446,Blyth BESS (BLYTHB1),Blyth BESS,BLYTHB1,SA1,Blyth Battery Pty Ltd as the Trustee for Blyth Battery Trust,Bidirectional Unit,68.89,68.89,68.89,Discharging,200.0,200.0,400.0,34.44,-33.8474,138.4032,Market,Battery storage,Storage,127.80395,1365.45
2026-10-06 04:20:00,2026-10-05T18:21:42.826630,Blyth BESS (BLYTHB1),Blyth BESS,BLYTHB1,SA1,Blyth Battery Pty Ltd as the Trustee for Blyth Battery Trust,Bidirectional Unit,0.33,0.33,0.33,Idle,200.0,200.0,400.0,0.16,-33.8474,138.4032,Market,Battery storage,Storage,100.44,1260.98
2026-10-06 10:05:00,2026-10-06T00:09:15.722179,Blyth BESS (BLYTHB1),Blyth BESS,BLYTHB1,SA1,Blyth Battery Pty Ltd as the Trustee for Blyth Battery Trust,Bidirectional Unit,-13.1,-13.1,13.1,Charging,200.0,200.0,400.0,6.55,-33.8474,138.4032,Market,Battery storage,Storage,-8.0,816.67
2026-10-06 16:10:00,2026-10-06T06:12:48.117386,Blyth BESS (BLYTHB1),Blyth BESS,BLYTHB1,SA1,Blyth Battery Pty Ltd as the Trustee for Blyth Battery Trust,Bidirectional Unit,-95.96,-95.96,95.96,Charging,200.0,200.0,400.0,47.98,-33.8474,138.4032,Market,Battery storage,Storage,-42.48,585.8
2026-10-05 19:10:00,2026-10-05T09:10:08.944446,Bolivar Waste Water Treatment Plant (BOWWBA1),Bolivar Waste Water Treatment Plant,BOWWBA1,SA1,South Australian Water Corporation,Bidirectional Unit,-0.01,-0.01,0.01,Idle,2.0,2.0,2.0,0.5,-34.775,138.5889,Market,Battery storage,Storage,127.80395,1365.45
2026-10-06 04:20:00,2026-10-05T18:21:42.826630,Bolivar Waste Water Treatment Plant (BOWWBA1),Bolivar Waste Water Treatment Plant,BOWWBA1,SA1,South Australian Water Corporation,Bidirectional Unit,-0.0,-0.0,0.0,Idle,2.0,2.0,2.0,0.0,-34.775,138.5889,Market,Battery storage,Storage,100.44,1260.98
2026-10-06 10:05:00,2026-10-06T00:09:15.722179,Bolivar Waste Water Treatment Plant (BOWWBA1),Bolivar Waste Water Treatment Plant,BOWWBA1,SA1,South Australian Water Corporation,Bidirectional Unit,-0.08,-0.08,0.08,Idle,2.0,2.0,2.0,4.0,-34.775,138.5889,Market,Battery storage,Storage,-8.0,816.67
2026-10-06 16:10:00,2026-10-06T06:12:48.117386,Bolivar Waste Water Treatment Plant (BOWWBA1),Bolivar Waste Water Treatment Plant,BOWWBA1,SA1,South Australian Water Corporation,Bidirectional Unit,-0.02,-0.02,0.02,Idle,2.0,2.0,2.0,1.0,-34.775,138.5889,Market,Battery storage,Storage,-42.48,585.8
2026-10-05 19:10:00,2026-10-05T09:10:08.944446,Bulgana Green Power Hub (BULBES1),Bulgana Green Power Hub,BULBES1,VIC1,Bulgana Wind Farm Pty Ltd,Bidirectional Unit,3.85,3.85,3.85,Discharging,20.0,20.0,34.0,19.25,-37.0998,142.9654,Market,Battery storage,Storage,121.45766,6316.13
2026-10-06 04:20:00,2026-10-05T18:21:42.826630,Bulgana Green Power Hub (BULBES1),Bulgana Green Power Hub,BULBES1,VIC1,Bulgana Wind Farm Pty Ltd,Bidirectional Unit,0.0,0.0,0.0,Idle,20.0,20.0,34.0,0.0,-37.0998,142.9654,Market,Battery storage,Storage,9.57,4746.72
2026-10-06 10:05:00,2026-10-06T00:09:15.722179,Bulgana Green Power Hub (BULBES1),Bulgana Green Power Hub,BULBES1,VIC1,Bulgana Wind Farm Pty Ltd,Bidirectional Unit,-0.31,-0.31,0.31,Idle,20.0,20.0,34.0,1.55,-37.0998,142.9654,Market,Battery storage,Storage,-0.56,5536.92
2026-10-06 16:10:00,2026-10-06T06:12:48.117386,Bulgana Green Power Hub (BULBES1),Bulgana Green Power Hub,BULBES1,VIC1,Bulgana Wind Farm Pty Ltd,Bidirectional Unit,-1.1,-1.1,1.1,Charging,20.0,20.0,34.0,5.5,-37.0998,142.9654,Market,Battery storage,Storage,-16.54,5105.94
2026-10-05 19:10:00,2026-10-05T09:10:08.944446,Capital Battery (CAPBES1),Capital Battery,CAPBES1,NSW1,Capital Battery Pty Ltd as Trustee for Capital Battery Trust,Bidirectional Unit,14.94,14.94,14.94,Discharging,100.0,100.0,200.0,14.94,-35.3448,149.2457,Market,Battery storage,Storage,137.89,7972.41
2026-10-06 04:20:00,2026-10-05T18:21:42.826630,Capital Battery (CAPBES1),Capital Battery,CAPBES1,NSW1,Capital Battery Pty Ltd as Trustee for Capital Battery Trust,Bidirectional Unit,-0.91,-0.91,0.91,Idle,100.0,100.0,200.0,0.91,-35.3448,149.2457,Market,Battery storage,Storage,230.59,6495.4
2026-10-06 10:05:00,2026-10-06T00:09:15.722179,Capital Battery (CAPBES1),Capital Battery,CAPBES1,NSW1,Capital Battery Pty Ltd as Trustee for Capital Battery Trust,Bidirectional Unit,-2.53,-2.53,2.53,Charging,100.0,100.0,200.0,2.53,-35.3448,149.2457,Market,Battery storage,Storage,80.13,4934.32
2026-10-06 16:10:00,2026-10-06T06:12:48.117386,Capital Battery (CAPBES1),Capital Battery,CAPBES1,NSW1,Capital Battery Pty Ltd as Trustee for Capital Battery Trust,Bidirectional Unit,-4.35,-4.35,4.35,Charging,100.0,100.0,200.0,4.35,-35.3448,149.2457,Market,Battery storage,Storage,83.99005,7058.75
2026-10-05 19:10:00,2026-10-05T09:10:08.944446,Christies Beach Wastewater Treatment Plant (CBWWBA1),Christies Beach Wastewater Treatment Plant,CBWWBA1,SA1,South Australian Water Corporation,Bidirectional Unit,0.2,0.2,0.2,Idle,2.14,2.0,2.0,9.35,-35.1245,138.4725,Market,Battery storage,Storage,127.80395,1365.45
2026-10-06 04:20:00,2026-10-05T18:21:42.826630,Christies Beach Wastewater Treatment Plant (CBWWBA1),Christies Beach Wastewater Treatment Plant,CBWWBA1,SA1,South Australian Water Corporation,Bidirectional Unit,-0.0,-0.0,0.0,Idle,2.14,2.0,2.0,0.0,-35.1245,138.4725,Market,Battery storage,Storage,100.44,1260.98
2026-10-06 10:05:00,2026-10-06T00:09:15.722179,Christies Beach Wastewater Treatment Plant (CBWWBA1),Christies Beach Wastewater Treatment Plant,CBWWBA1,SA1,South Australian Water Corporation,Bidirectional Unit,-0.05,-0.05,0.05,Idle,2.14,2.0,2.0,2.5,-35.1245,138.4725,Market,Battery storage,Storage,-8.0,816.67
2026-10-06 16:10:00,2026-10-06T06:12:48.117386,Christies Beach Wastewater Treatment Plant (CBWWBA1),Christies Beach Wastewater Treatment Plant,CBWWBA1,SA1,South Australian Water Corporation,Bidirectional Unit,-0.04,-0.04,0.04,Idle,2.14,2.0,2.0,2.0,-35.1245,138.4725,Market,Battery storage,Storage,-42.48,585.8
2026-10-05 19:10:00,2026-10-05T09:10:08.944446,"Chinchilla BESS, Units 1-80 (CHBESS1)","Chinchilla BESS, Units 1-80",CHBESS1,QLD1,CS Energy Limited,Bidirectional Unit,-1.32,-1.32,1.32,Charging,100.0,100.0,200.0,1.32,-26.91788,150.75074,Market,Battery storage,Storage,132.37055,7222.04
2026-10-06 04:20:00,2026-10-05T18:21:42.826630,"Chinchilla BESS, Units 1-80 (CHBESS1)","Chinchilla BESS, Units 1-80",CHBESS1,QLD1,CS Energy Limited,Bidirectional Unit,0.0,0.0,0.0,Idle,100.0,100.0,200.0,0.0,-26.91788,150.75074,Market,Battery storage,Storage,201.13802,5638.72
2026-10-06 10:05:00,2026-10-06T00:09:15.722179,"Chinchilla BESS, Units 1-80 (CHBESS1)","Chinchilla BESS, Units 1-80",CHBESS1,QLD1,CS Energy Limited,Bidirectional Unit,-2.17,-2.17,2.17,Charging,100.0,100.0,200.0,2.17,-26.91788,150.75074,Market,Battery storage,Storage,87.5158,6087.11
2026-10-06 16:10:00,2026-10-06T06:12:48.117386,"Chinchilla BESS, Units 1-80 (CHBESS1)","Chinchilla BESS, Units 1-80",CHBESS1,QLD1,CS Energy Limited,Bidirectional Unit,-1.12,-1.12,1.12,Charging,100.0,100.0,200.0,1.12,-26.91788,150.75074,Market,Battery storage,Storage,78.92067,6526.2
2026-10-05 19:10:00,2026-10-05T09:10:08.944446,Dalrymple North BESS (DALNTH1),Dalrymple North BESS,DALNTH1,SA1,AGL Dalrymple Pty Limited,Bidirectional Unit,1.0,1.0,1.0,Idle,30.0,30.0,12.2,3.33,-34.936,137.744,Market,Battery storage,Storage,127.80395,1365.45
2026-10-06 04:20:00,2026-10-05T18:21:42.826630,Dalrymple North BESS (DALNTH1),Dalrymple North BESS,DALNTH1,SA1,AGL Dalrymple Pty Limited,Bidirectional Unit,-4.98,-4.98,4.98,Charging,30.0,30.0,12.2,16.6,-34.936,137.744,Market,Battery storage,Storage,100.44,1260.98
2026-10-06 10:05:00,2026-10-06T00:09:15.722179,Dalrymple North BESS (DALNTH1),Dalrymple North BESS,DALNTH1,SA1,AGL Dalrymple Pty Limited,Bidirectional Unit,-0.22,-0.22,0.22,Idle,30.0,30.0,12.2,0.73,-34.936,137.744,Market,Battery storage,Storage,-8.0,816.67
2026-10-06 16:10:00,2026-10-06T06:12:48.117386,Dalrymple North BESS (DALNTH1),Dalrymple North BESS,DALNTH1,SA1,AGL Dalrymple Pty Limited,Bidirectional Unit,-0.13,-0.13,0.13,Idle,30.0,30.0,12.2,0.43,-34.936,137.744,Market,Battery storage,Storage,-42.48,585.8
2026-10-05 19:10:00,2026-10-05T09:10:08.944446,Darlington Point BESS (DPNTB1),Darlington Point BESS,DPNTB1,NSW1,EnergyAustralia Pty Ltd,Bidirectional Unit,0.02,0.02,0.02,Idle,25.0,25.0,50.0,0.08,-34.6472,146.0529,Market,Battery storage,Storage,137.89,7972.41
2026-10-06 04:20:00,2026-10-05T18:21:42.826630,Darlington Point BESS (DPNTB1),Darlington Point BESS,DPNTB1,NSW1,EnergyAustralia Pty Ltd,Bidirectional Unit,0.0,0.0,0.0,Idle,25.0,25.0,50.0,0.0,-34.6472,146.0529,Market,Battery storage,Storage,230.59,6495.4
2026-10-06 10:05:00,2026-10-06T00:09:15.722179,Darlington Point BESS (DPNTB1),Darlington Point BESS,DPNTB1,NSW1,EnergyAustralia Pty Ltd,Bidirectional Unit,-0.02,-0.02,0.02,Idle,25.0,25.0,50.0,0.08,-34.6472,146.0529,Market,Battery storage,Storage,80.13,4934.32
2026-10-06 16:10:00,2026-10-06T06:12:48.117386,Darlington Point BESS (DPNTB1),Darlington Point BESS,DPNTB1,NSW1,EnergyAustralia Pty Ltd,Bidirectional Unit,0.03,0.03,0.03,Idle,25.0,25.0,50.0,0.12,-34.6472,146.0529,Market,Battery storage,Storage,83.99005,7058.75
2026-10-05 19:10:00,2026-10-05T09:10:08.944446,Eraring BESS (ERB01),Eraring BESS,ERB01,NSW1,Origin Energy Electricity Limited,Bidirectional Unit,270.99,270.99,270.99,Discharging,460.0,460.0,1073.0,58.91,-33.06223,151.521359,Market,Battery storage,Storage,137.89,7972.41
2026-10-06 04:20:00,2026-10-05T18:21:42.826630,Eraring BESS (ERB01),Eraring BESS,ERB01,NSW1,Origin Energy Electricity Limited,Bidirectional Unit,0.0,0.0,0.0,Idle,460.0,460.0,1073.0,0.0,-33.06223,151.521359,Market,Battery storage,Storage,230.59,6495.4
2026-10-06 10:05:00,2026-10-06T00:09:15.722179,Eraring BESS (ERB01),Eraring BESS,ERB01,NSW1,Origin Energy Electricity Limited,Bidirectional Unit,-330.51,-330.51,330.51,Charging,460.0,460.0,1073.0,71.85,-33.06223,151.521359,Market,Battery storage,Storage,80.13,4934.32
2026-10-06 16:10:00,2026-10-06T06:12:48.117386,Eraring BESS (ERB01),Eraring BESS,ERB01,NSW1,Origin Energy Electricity Limited,Bidirectional Unit,0.0,0.0,0.0,Idle,460.0,460.0,1073.0,0.0,-33.06223,151.521359,Market,Battery storage,Storage,83.99005,7058.75
2026-10-05 19:10:00,2026-10-05T09:10:08.944446,Gannawarra BESS (GANNB1),Gannawarra BESS,GANNB1,VIC1,EnergyAustralia Pty Ltd,Bidirectional Unit,-0.37,-0.37,0.37,Idle,30.0,30.0,49.85,1.23,-35.73389,143.78,Market,Battery storage,Storage,121.45766,6316.13
2026-10-06 04:20:00,2026-10-05T18:21:42.826630,Gannawarra BESS (GANNB1),Gannawarra BESS,GANNB1,VIC1,EnergyAustralia Pty Ltd,Bidirectional Unit,-0.12,-0.12,0.12,Idle,30.0,30.0,49.85,0.4,-35.73389,143.78,Market,Battery storage,Storage,9.57,4746.72
2026-10-06 10:05:00,2026-10-06T00:09:15.722179,Gannawarra BESS (GANNB1),Gannawarra BESS,GANNB1,VIC1,EnergyAustralia Pty Ltd,Bidirectional Unit,-5.77,-5.77,5.77,Charging,30.0,30.0,49.85,19.23,-35.73389,143.78,Market,Battery storage,Storage,-0.56,5536.92
2026-10-06 16:10:00,2026-10-06T06:12:48.117386,Gannawarra BESS (GANNB1),Gannawarra BESS,GANNB1,VIC1,EnergyAustralia Pty Ltd,Bidirectional Unit,-0.38,-0.38,0.38,Idle,30.0,30.0,49.85,1.27,-35.73389,143.78,Market,Battery storage,Storage,-16.54,5105.94
2026-10-05 19:10:00,2026-10-05T09:10:08.944446,Greenbank BESS (GREENB1),Greenbank BESS,GREENB1,QLD1,CS Energy Limited,Bidirectional Unit,47.85,47.85,47.85,Discharging,200.0,200.0,400.0,23.92,-27.7667,152.9667,Market,Battery storage,Storage,132.37055,7222.04
2026-10-06 04:20:00,2026-10-05T18:21:42.826630,Greenbank BESS (GREENB1),Greenbank BESS,GREENB1,QLD1,CS Energy Limited,Bidirectional Unit,-0.01,-0.01,0.01,Idle,200.0,200.0,400.0,0.0,-27.7667,152.9667,Market,Battery storage,Storage,201.13802,5638.72
2026-10-06 10:05:00,2026-10-06T00:09:15.722179,Greenbank BESS (GREENB1),Greenbank BESS,GREENB1,QLD1,CS Energy Limited,Bidirectional Unit,-4.49,-4.49,4.49,Charging,200.0,200.0,400.0,2.24,-27.7667,152.9667,Market,Battery storage,Storage,87.5158,6087.11
2026-10-06 16:10:00,2026-10-06T06:12:48.117386,Greenbank BESS (GREENB1),Greenbank BESS,GREENB1,QLD1,CS Energy Limited,Bidirectional Unit,-2.4,-2.4,2.4,Charging,200.0,200.0,400.0,1.2,-27.7667,152.9667,Market,Battery storage,Storage,78.92067,6526.2
2026-10-05 19:10:00,2026-10-05T09:10:08.944446,Hazelwood BESS (HBESS1),Hazelwood BESS,HBESS1,VIC1,Hazelwood BESS Project Co Pty Ltd as Trustee for the HBESS Asset Trust,Bidirectional Unit,22.5,22.5,22.5,Discharging,150.0,150.0,150.0,15.0,-38.271833,146.390879,Market,Battery storage,Storage,121.45766,6316.13
2026-10-06 04:20:00,2026-10-05T18:21:42.826630,Hazelwood BESS (HBESS1),Hazelwood BESS,HBESS1,VIC1,Hazelwood BESS Project Co Pty Ltd as Trustee for the HBESS Asset Trust,Bidirectional Unit,-0.2,-0.2,0.2,Idle,150.0,150.0,150.0,0.13,-38.271833,146.390879,Market,Battery storage,Storage,9.57,4746.72
2026-10-06 10:05:00,2026-10-06T00:09:15.722179,Hazelwood BESS (HBESS1),Hazelwood BESS,HBESS1,VIC1,Hazelwood BESS Project Co Pty Ltd as Trustee for the HBESS Asset Trust,Bidirectional Unit,-3.7,-3.7,3.7,Charging,150.0,150.0,150.0,2.47,-38.271833,146.390879,Market,Battery storage,Storage,-0.56,5536.92
2026-10-06 16:10:00,2026-10-06T06:12:48.117386,Hazelwood BESS (HBESS1),Hazelwood BESS,HBESS1,VIC1,Hazelwood BESS Project Co Pty Ltd as Trustee for the HBESS Asset Trust,Bidirectional Unit,-23.9,-23.9,23.9,Charging,150.0,150.0,150.0,15.93,-38.271833,146.390879,Market,Battery storage,Storage,-16.54,5105.94
2026-10-05 19:10:00,2026-10-05T09:10:08.944446,Hornsdale Power Reserve (HPR1),Hornsdale Power Reserve,HPR1,SA1,Hornsdale Power Reserve Pty Ltd,Bidirectional Unit,35.9,35.9,35.9,Discharging,150.0,150.0,194.0,23.93,-33.187,138.5863,Market,Battery storage,Storage,127.80395,1365.45
2026-10-06 04:20:00,2026-10-05T18:21:42.826630,Hornsdale Power Reserve (HPR1),Hornsdale Power Reserve,HPR1,SA1,Hornsdale Power Reserve Pty Ltd,Bidirectional Unit,-1.4,-1.4,1.4,Charging,150.0,150.0,194.0,0.93,-33.187,138.5863,Market,Battery storage,Storage,100.44,1260.98
2026-10-06 10:05:00,2026-10-06T00:09:15.722179,Hornsdale Power Reserve (HPR1),Hornsdale Power Reserve,HPR1,SA1,Hornsdale Power Reserve Pty Ltd,Bidirectional Unit,-2.6,-2.6,2.6,Charging,150.0,150.0,194.0,1.73,-33.187,138.5863,Market,Battery storage,Storage,-8.0,816.67
2026-10-06 16:10:00,2026-10-06T06:12:48.117386,Hornsdale Power Reserve (HPR1),Hornsdale Power Reserve,HPR1,SA1,Hornsdale Power Reserve Pty Ltd,Bidirectional Unit,-0.6,-0.6,0.6,Idle,150.0,150.0,194.0,0.4,-33.187,138.5863,Market,Battery storage,Storage,-42.48,585.8
2026-10-05 19:10:00,2026-10-05T09:10:08.944446,Happy Valley Water Treatment Plant (HVWWBA1),Happy Valley Water Treatment Plant,HVWWBA1,SA1,South Australian Water Corporation,Bidirectional Unit,-0.0,-0.0,0.0,Idle,4.0,4.0,4.0,0.0,-35.073,138.572,Market,Battery storage,Storage,127.80395,1365.45
2026-10-06 04:20:00,2026-10-05T18:21:42.826630,Happy Valley Water Treatment Plant (HVWWBA1),Happy Valley Water Treatment Plant,HVWWBA1,SA1,South Australian Water Corporation,Bidirectional Unit,0.0,0.0,0.0,Idle,4.0,4.0,4.0,0.0,-35.073,138.572,Market,Battery storage,Storage,100.44,1260.98
2026-10-06 10:05:00,2026-10-06T00:09:15.722179,Happy Valley Water Treatment Plant (HVWWBA1),Happy Valley Water Treatment Plant,HVWWBA1,SA1,South Australian Water Corporation,Bidirectional Unit,-0.09,-0.09,0.09,Idle,4.0,4.0,4.0,2.25,-35.073,138.572,Market,Battery storage,Storage,-8.0,816.67
2026-10-06 16:10:00,2026-10-06T06:12:48.117386,Happy Valley Water Treatment Plant (HVWWBA1),Happy Valley Water Treatment Plant,HVWWBA1,SA1,South Australian Water Corporation,Bidirectional Unit,0.0,0.0,0.0,Idle,4.0,4.0,4.0,0.0,-35.073,138.572,Market,Battery storage,Storage,-42.48,585.8
2026-10-05 19:10:00,2026-10-05T09:10:08.944446,Koorangie BESS (KESSB1),Koorangie BESS,KESSB1,VIC1,Shell Energy Retail Pty Ltd,Bidirectional Unit,87.09,87.09,87.09,Discharging,185.0,185.0,370.0,47.08,-35.733,143.921,Market,Battery storage,Storage,121.45766,6316.13
2026-10-06 04:20:00,2026-10-05T18:21:42.826630,Koorangie BESS (KESSB1),Koorangie BESS,KESSB1,VIC1,Shell Energy Retail Pty Ltd,Bidirectional Unit,-33.71,-33.71,33.71,Charging,185.0,185.0,370.0,18.22,-35.733,143.921,Market,Battery storage,Storage,9.57,4746.72
2026-10-06 10:05:00,2026-10-06T00:09:15.722179,Koorangie BESS (KESSB1),Koorangie BESS,KESSB1,VIC1,Shell Energy Retail Pty Ltd,Bidirectional Unit,0.1,0.1,0.1,Idle,185.0,185.0,370.0,0.05,-35.733,143.921,Market,Battery storage,Storage,-0.56,5536.92
2026-10-06 16:10:00,2026-10-06T06:12:48.117386,Koorangie BESS (KESSB1),Koorangie BESS,KESSB1,VIC1,Shell Energy Retail Pty Ltd,Bidirectional Unit,-3.26,-3.26,3.26,Charging,185.0,185.0,370.0,1.76,-35.733,143.921,Market,Battery storage,Storage,-16.54,5105.94
2026-10-05 19:10:00,2026-10-05T09:10:08.944446,Lake Bonney BESS1 (LBB1),Lake Bonney BESS1,LBB1,SA1,Lake Bonney Wind Power Pty Ltd,Bidirectional Unit,9.75,9.75,9.75,Discharging,25.0,52.0,52.0,39.0,-37.738,140.39967,Market,Battery storage,Storage,127.80395,1365.45
2026-10-06 04:20:00,2026-10-05T18:21:42.826630,Lake Bonney BESS1 (LBB1),Lake Bonney BESS1,LBB1,SA1,Lake Bonney Wind Power Pty Ltd,Bidirectional Unit,1.05,1.05,1.05,Discharging,25.0,52.0,52.0,4.2,-37.738,140.39967,Market,Battery storage,Storage,100.44,1260.98
2026-10-06 10:05:00,2026-10-06T00:09:15.722179,Lake Bonney BESS1 (LBB1),Lake Bonney BESS1,LBB1,SA1,Lake Bonney Wind Power Pty Ltd,Bidirectional Unit,-0.3,-0.3,0.3,Idle,25.0,52.0,52.0,0.58,-37.738,140.39967,Market,Battery storage,Storage,-8.0,816.67
2026-10-06 16:10:00,2026-10-06T06:12:48.117386,Lake Bonney BESS1 (LBB1),Lake Bonney BESS1,LBB1,SA1,Lake Bonney Wind Power Pty Ltd,Bidirectional Unit,-0.15,-0.15,0.15,Idle,25.0,52.0,52.0,0.29,-37.738,140.39967,Market,Battery storage,Storage,-42.48,585.8
2026-10-05 19:10:00,2026-10-05T09:10:08.944446,Latrobe Valley BESS (LVES1),Latrobe Valley BESS,LVES1,VIC1,Latrobe Valley BESS as the Trustee for Latrobe Valley BESS Project Trust,Bidirectional Unit,54.52,54.52,54.52,Discharging,100.0,100.0,200.0,54.52,-38.2325,146.4068,Market,Battery storage,Storage,121.45766,6316.13
2026-10-06 04:20:00,2026-10-05T18:21:42.826630,Latrobe Valley BESS (LVES1),Latrobe Valley BESS,LVES1,VIC1,Latrobe Valley BESS as the Trustee for Latrobe Valley BESS Project Trust,Bidirectional Unit,-0.7,-0.7,0.7,Idle,100.0,100.0,200.0,0.7,-38.2325,146.4068,Market,Battery storage,Storage,9.57,4746.72
2026-10-06 10:05:00,2026-10-06T00:09:15.722179,Latrobe Valley BESS (LVES1),Latrobe Valley BESS,LVES1,VIC1,Latrobe Valley BESS as the Trustee for Latrobe Valley BESS Project Trust,Bidirectional Unit,-0.11,-0.11,0.11,Idle,100.0,100.0,200.0,0.11,-38.2325,146.4068,Market,Battery storage,Storage,-0.56,5536.92
2026-10-06 16:10:00,2026-10-06T06:12:48.117386,Latrobe Valley BESS (LVES1),Latrobe Valley BESS,LVES1,VIC1,Latrobe Valley BESS as the Trustee for Latrobe Valley BESS Project Trust,Bidirectional Unit,-12.27,-12.27,12.27,Charging,100.0,100.0,200.0,12.27,-38.2325,146.4068,Market,Battery storage,Storage,-16.54,5105.94
2026-10-05 19:10:00,2026-10-05T09:10:08.944446,Mannum BESS (MANNUMB1),Mannum BESS,MANNUMB1,SA1,Mannum Stage 2 Battery SubCo Pty Ltd as trustee for the Mannum Stage 2 Battery Unit Trust,Bidirectional Unit,74.11,74.11,74.11,Discharging,100.0,100.0,200.0,74.11,-34.9,139.3,Market,Battery storage,Storage,127.80395,1365.45
2026-10-06 04:20:00,2026-10-05T18:21:42.826630,Mannum BESS (MANNUMB1),Mannum BESS,MANNUMB1,SA1,Mannum Stage 2 Battery SubCo Pty Ltd as trustee for the Mannum Stage 2 Battery Unit Trust,Bidirectional Unit,-23.04,-23.04,23.04,Charging,100.0,100.0,200.0,23.04,-34.9,139.3,Market,Battery storage,Storage,100.44,1260.98
2026-10-06 10:05:00,2026-10-06T00:09:15.722179,Mannum BESS (MANNUMB1),Mannum BESS,MANNUMB1,SA1,Mannum Stage 2 Battery SubCo Pty Ltd as trustee for the Mannum Stage 2 Battery Unit Trust,Bidirectional Unit,-14.98,-14.98,14.98,Charging,100.0,100.0,200.0,14.98,-34.9,139.3,Market,Battery storage,Storage,-8.0,816.67
2026-10-06 16:10:00,2026-10-06T06:12:48.117386,Mannum BESS (MANNUMB1),Mannum BESS,MANNUMB1,SA1,Mannum Stage 2 Battery SubCo Pty Ltd as trustee for the Mannum Stage 2 Battery Unit Trust,Bidirectional Unit,-10.26,-10.26,10.26,Charging,100.0,100.0,200.0,10.26,-34.9,139.3,Market,Battery storage,Storage,-42.48,585.8
2026-10-05 19:10:00,2026-10-05T09:10:08.944446,Melbourne Renewable Energy Hub Connection A1 (MREHA1),Melbourne Renewable Energy Hub Connection A1,MREHA1,VIC1,Equis Energy (Australia) Projects (MREH A1 AssetCo) Pty Ltd as trustee for Equis Energy (Australia) MREH A1 Asset Trust,Bidirectional Unit,78.72,78.72,78.72,Discharging,200.0,200.0,400.0,39.36,-38.05,142.19,Market,Battery storage,Storage,121.45766,6316.13
2026-10-06 04:20:00,2026-10-05T18:21:42.826630,Melbourne Renewable Energy Hub Connection A1 (MREHA1),Melbourne Renewable Energy Hub Connection A1,MREHA1,VIC1,Equis Energy (Australia) Projects (MREH A1 AssetCo) Pty Ltd as trustee for Equis Energy (Australia) MREH A1 Asset Trust,Bidirectional Unit,-20.06,-20.06,20.06,Charging,200.0,200.0,400.0,10.03,-38.05,142.19,Market,Battery storage,Storage,9.57,4746.72
2026-10-06 10:05:00,2026-10-06T00:09:15.722179,Melbourne Renewable Energy Hub Connection A1 (MREHA1),Melbourne Renewable Energy Hub Connection A1,MREHA1,VIC1,Equis Energy (Australia) Projects (MREH A1 AssetCo) Pty Ltd as trustee for Equis Energy (Australia) MREH A1 Asset Trust,Bidirectional Unit,-1.21,-1.21,1.21,Charging,200.0,200.0,400.0,0.6,-38.05,142.19,Market,Battery storage,Storage,-0.56,5536.92
2026-10-06 16:10:00,2026-10-06T06:12:48.117386,Melbourne Renewable Energy Hub Connection A1 (MREHA1),Melbourne Renewable Energy Hub Connection A1,MREHA1,VIC1,Equis Energy (Australia) Projects (MREH A1 AssetCo) Pty Ltd as trustee for Equis Energy (Australia) MREH A1 Asset Trust,Bidirectional Unit,0.0,0.0,0.0,Idle,200.0,200.0,400.0,0.0,-38.05,142.19,Market,Battery storage,Storage,-16.54,5105.94
2026-10-05 19:10:00,2026-10-05T09:10:08.944446,Melbourne Renewable Energy Hub Connection A2 (MREHA2),Melbourne Renewable Energy Hub Connection A2,MREHA2,VIC1,Equis Energy (Australia) Projects (MREH A2 AssetCo) Pty Ltd as The Trustee for Equis Energy (Australia) MREH A2 Asset Trust,Bidirectional Unit,78.94,78.94,78.94,Discharging,200.0,200.0,400.0,39.47,-38.05,142.19,Market,Battery storage,Storage,121.45766,6316.13
2026-10-06 04:20:00,2026-10-05T18:21:42.826630,Melbourne Renewable Energy Hub Connection A2 (MREHA2),Melbourne Renewable Energy Hub Connection A2,MREHA2,VIC1,Equis Energy (Australia) Projects (MREH A2 AssetCo) Pty Ltd as The Trustee for Equis Energy (Australia) MREH A2 Asset Trust,Bidirectional Unit,-19.28,-19.28,19.28,Charging,200.0,200.0,400.0,9.64,-38.05,142.19,Market,Battery storage,Storage,9.57,4746.72
2026-10-06 10:05:00,2026-10-06T00:09:15.722179,Melbourne Renewable Energy Hub Connection A2 (MREHA2),Melbourne Renewable Energy Hub Connection A2,MREHA2,VIC1,Equis Energy (Australia) Projects (MREH A2 AssetCo) Pty Ltd as The Trustee for Equis Energy (Australia) MREH A2 Asset Trust,Bidirectional Unit,-1.33,-1.33,1.33,Charging,200.0,200.0,400.0,0.66,-38.05,142.19,Market,Battery storage,Storage,-0.56,5536.92
2026-10-06 16:10:00,2026-10-06T06:12:48.117386,Melbourne Renewable Energy Hub Connection A2 (MREHA2),Melbourne Renewable Energy Hub Connection A2,MREHA2,VIC1,Equis Energy (Australia) Projects (MREH A2 AssetCo) Pty Ltd as The Trustee for Equis Energy (Australia) MREH A2 Asset Trust,Bidirectional Unit,0.0,0.0,0.0,Idle,200.0,200.0,400.0,0.0,-38.05,142.19,Market,Battery storage,Storage,-16.54,5105.94
2026-10-05 19:10:00,2026-10-05T09:10:08.944446,Phillip Island BESS (PIBESS1),Phillip Island BESS,PIBESS1,VIC1,Mondo Metering Pty Ltd,Bidirectional Unit,1.79,1.79,1.79,Discharging,5.0,5.0,11.9264,35.8,-38.4842,145.2443,Market,Battery storage,Storage,121.45766,6316.13
2026-10-06 04:20:00,2026-10-05T18:21:42.826630,Phillip Island BESS (PIBESS1),Phillip Island BESS,PIBESS1,VIC1,Mondo Metering Pty Ltd,Bidirectional Unit,0.0,0.0,0.0,Idle,5.0,5.0,11.9264,0.0,-38.4842,145.2443,Market,Battery storage,Storage,9.57,4746.72
2026-10-06 10:05:00,2026-10-06T00:09:15.722179,Phillip Island BESS (PIBESS1),Phillip Island BESS,PIBESS1,VIC1,Mondo Metering Pty Ltd,Bidirectional Unit,-5.0,-5.0,5.0,Charging,5.0,5.0,11.9264,100.0,-38.4842,145.2443,Market,Battery storage,Storage,-0.56,5536.92
2026-10-06 16:10:00,2026-10-06T06:12:48.117386,Phillip Island BESS (PIBESS1),Phillip Island BESS,PIBESS1,VIC1,Mondo Metering Pty Ltd,Bidirectional Unit,-2.34,-2.34,2.34,Charging,5.0,5.0,11.9264,46.8,-38.4842,145.2443,Market,Battery storage,Storage,-16.54,5105.94
2026-10-05 19:10:00,2026-10-05T09:10:08.944446,Queanbeyan BESS (QBYNB1),Queanbeyan BESS,QBYNB1,NSW1,Berrybank 2 Asset Pty Ltd as trustee for Berrybank 2 Asset Trust,Bidirectional Unit,-2.5,-2.5,2.5,Charging,10.0,10.0,20.0,25.0,-35.3528,149.2325,Market,Battery storage,Storage,137.89,7972.41
2026-10-06 04:20:00,2026-10-05T18:21:42.826630,Queanbeyan BESS (QBYNB1),Queanbeyan BESS,QBYNB1,NSW1,Berrybank 2 Asset Pty Ltd as trustee for Berrybank 2 Asset Trust,Bidirectional Unit,-0.05,-0.05,0.05,Idle,10.0,10.0,20.0,0.5,-35.3528,149.2325,Market,Battery storage,Storage,230.59,6495.4
2026-10-06 10:05:00,2026-10-06T00:09:15.722179,Queanbeyan BESS (QBYNB1),Queanbeyan BESS,QBYNB1,NSW1,Berrybank 2 Asset Pty Ltd as trustee for Berrybank 2 Asset Trust,Bidirectional Unit,-0.06,-0.06,0.06,Idle,10.0,10.0,20.0,0.6,-35.3528,149.2325,Market,Battery storage,Storage,80.13,4934.32
2026-10-06 16:10:00,2026-10-06T06:12:48.117386,Queanbeyan BESS (QBYNB1),Queanbeyan BESS,QBYNB1,NSW1,Berrybank 2 Asset Pty Ltd as trustee for Berrybank 2 Asset Trust,Bidirectional Unit,-0.06,-0.06,0.06,Idle,10.0,10.0,20.0,0.6,-35.3528,149.2325,Market,Battery storage,Storage,83.99005,7058.75
2026-10-05 19:10:00,2026-10-05T09:10:08.944446,Rangebank BESS (RANGEB1),Rangebank BESS,RANGEB1,VIC1,Shell Energy Retail Pty Ltd,Bidirectional Unit,93.5,93.5,93.5,Discharging,200.0,200.0,400.0,46.75,-38.0848,145.2653,Market,Battery storage,Storage,121.45766,6316.13
2026-10-06 04:20:00,2026-10-05T18:21:42.826630,Rangebank BESS (RANGEB1),Rangebank BESS,RANGEB1,VIC1,Shell Energy Retail Pty Ltd,Bidirectional Unit,-33.9,-33.9,33.9,Charging,200.0,200.0,400.0,16.95,-38.0848,145.2653,Market,Battery storage,Storage,9.57,4746.72
2026-10-06 10:05:00,2026-10-06T00:09:15.722179,Rangebank BESS (RANGEB1),Rangebank BESS,RANGEB1,VIC1,Shell Energy Retail Pty Ltd,Bidirectional Unit,-1.35,-1.35,1.35,Charging,200.0,200.0,400.0,0.68,-38.0848,145.2653,Market,Battery storage,Storage,-0.56,5536.92
2026-10-06 16:10:00,2026-10-06T06:12:48.117386,Rangebank BESS (RANGEB1),Rangebank BESS,RANGEB1,VIC1,Shell Energy Retail Pty Ltd,Bidirectional Unit,-0.74,-0.74,0.74,Idle,200.0,200.0,400.0,0.37,-38.0848,145.2653,Market,Battery storage,Storage,-16.54,5105.94
2026-10-05 19:10:00,2026-10-05T09:10:08.944446,Riverina BESS 1 (RESS1),Riverina BESS 1,RESS1,NSW1,Shell Energy Retail Pty Ltd,Bidirectional Unit,29.18,29.18,29.18,Discharging,60.0,60.0,120.0,48.63,-34.6,146.0,Market,Battery storage,Storage,137.89,7972.41
2026-10-06 04:20:00,2026-10-05T18:21:42.826630,Riverina BESS 1 (RESS1),Riverina BESS 1,RESS1,NSW1,Shell Energy Retail Pty Ltd,Bidirectional Unit,-60.12,-60.12,60.12,Charging,60.0,60.0,120.0,100.2,-34.6,146.0,Market,Battery storage,Storage,230.59,6495.4
2026-10-06 10:05:00,2026-10-06T00:09:15.722179,Riverina BESS 1 (RESS1),Riverina BESS 1,RESS1,NSW1,Shell Energy Retail Pty Ltd,Bidirectional Unit,0.0,0.0,0.0,Idle,60.0,60.0,120.0,0.0,-34.6,146.0,Market,Battery storage,Storage,80.13,4934.32
2026-10-06 16:10:00,2026-10-06T06:12:48.117386,Riverina BESS 1 (RESS1),Riverina BESS 1,RESS1,NSW1,Shell Energy Retail Pty Ltd,Bidirectional Unit,0.01,0.01,0.01,Idle,60.0,60.0,120.0,0.02,-34.6,146.0,Market,Battery storage,Storage,83.99005,7058.75
2026-10-05 19:10:00,2026-10-05T09:10:08.944446,Riverena BESS 2 (RIVNB2),Riverena BESS 2,RIVNB2,NSW1,EnergyAustralia Pty Ltd,Bidirectional Unit,4.03,4.03,4.03,Discharging,65.0,65.0,130.0,6.2,-34.65,146.03,Market,Battery storage,Storage,137.89,7972.41
2026-10-06 04:20:00,2026-10-05T18:21:42.826630,Riverena BESS 2 (RIVNB2),Riverena BESS 2,RIVNB2,NSW1,EnergyAustralia Pty Ltd,Bidirectional Unit,0.02,0.02,0.02,Idle,65.0,65.0,130.0,0.03,-34.65,146.03,Market,Battery storage,Storage,230.59,6495.4
2026-10-06 10:05:00,2026-10-06T00:09:15.722179,Riverena BESS 2 (RIVNB2),Riverena BESS 2,RIVNB2,NSW1,EnergyAustralia Pty Ltd,Bidirectional Unit,-26.48,-26.48,26.48,Charging,65.0,65.0,130.0,40.74,-34.65,146.03,Market,Battery storage,Storage,80.13,4934.32
2026-10-06 16:10:00,2026-10-06T06:12:48.117386,Riverena BESS 2 (RIVNB2),Riverena BESS 2,RIVNB2,NSW1,EnergyAustralia Pty Ltd,Bidirectional Unit,-0.35,-0.35,0.35,Idle,65.0,65.0,130.0,0.54,-34.65,146.03,Market,Battery storage,Storage,83.99005,7058.75
2026-10-05 19:10:00,2026-10-05T09:10:08.944446,Tarong BESS (TARBESS1),Tarong BESS,TARBESS1,QLD1,Stanwell Corporation Limited,Bidirectional Unit,17.86,17.86,17.86,Discharging,300.0,300.0,600.0,5.95,-26.783688,151.915274,Market,Battery storage,Storage,132.37055,7222.04
2026-10-06 04:20:00,2026-10-05T18:21:42.826630,Tarong BESS (TARBESS1),Tarong BESS,TARBESS1,QLD1,Stanwell Corporation Limited,Bidirectional Unit,-0.71,-0.71,0.71,Idle,300.0,300.0,600.0,0.24,-26.783688,151.915274,Market,Battery storage,Storage,201.13802,5638.72
2026-10-06 10:05:00,2026-10-06T00:09:15.722179,Tarong BESS (TARBESS1),Tarong BESS,TARBESS1,QLD1,Stanwell Corporation Limited,Bidirectional Unit,-60.99,-60.99,60.99,Charging,300.0,300.0,600.0,20.33,-26.783688,151.915274,Market,Battery storage,Storage,87.5158,6087.11
2026-10-06 16:10:00,2026-10-06T06:12:48.117386,Tarong BESS (TARBESS1),Tarong BESS,TARBESS1,QLD1,Stanwell Corporation Limited,Bidirectional Unit,12.09,12.09,12.09,Discharging,300.0,300.0,600.0,4.03,-26.783688,151.915274,Market,Battery storage,Storage,78.92067,6526.2
2026-10-05 19:10:00,2026-10-05T09:10:08.944446,Tailem Bend 2 Hybrid Renewable Power Station (TB2B1),Tailem Bend 2 Hybrid Renewable Power Station,TB2B1,SA1,Tailem Bend II Project Company Pty Ltd as trustee for the Tailem Bend II Project Trust,Bidirectional Unit,9.57,9.57,9.57,Discharging,41.0,41.0,41.0,23.34,-35.28,139.49,Market,Battery storage,Storage,127.80395,1365.45
2026-10-06 04:20:00,2026-10-05T18:21:42.826630,Tailem Bend 2 Hybrid Renewable Power Station (TB2B1),Tailem Bend 2 Hybrid Renewable Power Station,TB2B1,SA1,Tailem Bend II Project Company Pty Ltd as trustee for the Tailem Bend II Project Trust,Bidirectional Unit,-0.37,-0.37,0.37,Idle,41.0,41.0,41.0,0.9,-35.28,139.49,Market,Battery storage,Storage,100.44,1260.98
2026-10-06 10:05:00,2026-10-06T00:09:15.722179,Tailem Bend 2 Hybrid Renewable Power Station (TB2B1),Tailem Bend 2 Hybrid Renewable Power Station,TB2B1,SA1,Tailem Bend II Project Company Pty Ltd as trustee for the Tailem Bend II Project Trust,Bidirectional Unit,-0.6,-0.6,0.6,Idle,41.0,41.0,41.0,1.46,-35.28,139.49,Market,Battery storage,Storage,-8.0,816.67
2026-10-06 16:10:00,2026-10-06T06:12:48.117386,Tailem Bend 2 Hybrid Renewable Power Station (TB2B1),Tailem Bend 2 Hybrid Renewable Power Station,TB2B1,SA1,Tailem Bend II Project Company Pty Ltd as trustee for the Tailem Bend II Project Trust,Bidirectional Unit,-0.49,-0.49,0.49,Idle,41.0,41.0,41.0,1.2,-35.28,139.49,Market,Battery storage,Storage,-42.48,585.8
2026-10-05 19:10:00,2026-10-05T09:10:08.944446,Templers BESS (TEMPB1),Templers BESS,TEMPB1,SA1,ZEN Energy Retail Pty Ltd,Bidirectional Unit,38.8,38.8,38.8,Discharging,111.0,111.0,285.0,34.95,-34.46,138.749,Market,Battery Storage,Storage,127.80395,1365.45
2026-10-06 04:20:00,2026-10-05T18:21:42.826630,Templers BESS (TEMPB1),Templers BESS,TEMPB1,SA1,ZEN Energy Retail Pty Ltd,Bidirectional Unit,-0.2,-0.2,0.2,Idle,111.0,111.0,285.0,0.18,-34.46,138.749,Market,Battery Storage,Storage,100.44,1260.98
2026-10-06 10:05:00,2026-10-06T00:09:15.722179,Templers BESS (TEMPB1),Templers BESS,TEMPB1,SA1,ZEN Energy Retail Pty Ltd,Bidirectional Unit,-62.8,-62.8,62.8,Charging,111.0,111.0,285.0,56.58,-34.46,138.749,Market,Battery Storage,Storage,-8.0,816.67
2026-10-06 16:10:00,2026-10-06T06:12:48.117386,Templers BESS (TEMPB1),Templers BESS,TEMPB1,SA1,ZEN Energy Retail Pty Ltd,Bidirectional Unit,-16.2,-16.2,16.2,Charging,111.0,111.0,285.0,14.59,-34.46,138.749,Market,Battery Storage,Storage,-42.48,585.8
2026-10-05 19:10:00,2026-10-05T09:10:08.944446,Torrens Island BESS (TIB1),Torrens Island BESS,TIB1,SA1,AGL SA Generation Pty Limited,Bidirectional Unit,53.78,53.78,53.78,Discharging,250.0,250.0,250.0,21.51,-34.8068,138.5213,Market,Battery Storage,Storage,127.80395,1365.45
2026-10-06 04:20:00,2026-10-05T18:21:42.826630,Torrens Island BESS (TIB1),Torrens Island BESS,TIB1,SA1,AGL SA Generation Pty Limited,Bidirectional Unit,46.95,46.95,46.95,Discharging,250.0,250.0,250.0,18.78,-34.8068,138.5213,Market,Battery Storage,Storage,100.44,1260.98
2026-10-06 10:05:00,2026-10-06T00:09:15.722179,Torrens Island BESS (TIB1),Torrens Island BESS,TIB1,SA1,AGL SA Generation Pty Limited,Bidirectional Unit,-9.26,-9.26,9.26,Charging,250.0,250.0,250.0,3.7,-34.8068,138.5213,Market,Battery Storage,Storage,-8.0,816.67
2026-10-06 16:10:00,2026-10-06T06:12:48.117386,Torrens Island BESS (TIB1),Torrens Island BESS,TIB1,SA1,AGL SA Generation Pty Limited,Bidirectional Unit,1.92,1.92,1.92,Discharging,250.0,250.0,250.0,0.77,-34.8068,138.5213,Market,Battery Storage,Storage,-42.48,585.8
2026-10-05 19:10:00,2026-10-05T09:10:08.944446,Ulinda Park BESS (ULPBESS1),Ulinda Park BESS,ULPBESS1,QLD1,Ulinda Park ProjectCo Pty Ltd,Bidirectional Unit,149.96,149.96,149.96,Discharging,155.0,155.0,298.0,96.75,-26.929416,150.719896,Market,Battery storage,Storage,132.37055,7222.04
2026-10-06 04:20:00,2026-10-05T18:21:42.826630,Ulinda Park BESS (ULPBESS1),Ulinda Park BESS,ULPBESS1,QLD1,Ulinda Park ProjectCo Pty Ltd,Bidirectional Unit,0.0,0.0,0.0,Idle,155.0,155.0,298.0,0.0,-26.929416,150.719896,Market,Battery storage,Storage,201.13802,5638.72
2026-10-06 10:05:00,2026-10-06T00:09:15.722179,Ulinda Park BESS (ULPBESS1),Ulinda Park BESS,ULPBESS1,QLD1,Ulinda Park ProjectCo Pty Ltd,Bidirectional Unit,-3.24,-3.24,3.24,Charging,155.0,155.0,298.0,2.09,-26.929416,150.719896,Market,Battery storage,Storage,87.5158,6087.11
2026-10-06 16:10:00,2026-10-06T06:12:48.117386,Ulinda Park BESS (ULPBESS1),Ulinda Park BESS,ULPBESS1,QLD1,Ulinda Park ProjectCo Pty Ltd,Bidirectional Unit,-8.41,-8.41,8.41,Charging,155.0,155.0,298.0,5.43,-26.929416,150.719896,Market,Battery storage,Storage,78.92067,6526.2
2026-10-05 19:10:00,2026-10-05T09:10:08.944446,Victorian Big Battery (VBB1),Victorian Big Battery,VBB1,VIC1,Victorian Big Battery Pty Ltd,Bidirectional Unit,219.7,219.7,219.7,Discharging,300.0,250.0,450.0,73.23,-38.0333,144.2833,Market,Battery storage,Storage,121.45766,6316.13
2026-10-06 04:20:00,2026-10-05T18:21:42.826630,Victorian Big Battery (VBB1),Victorian Big Battery,VBB1,VIC1,Victorian Big Battery Pty Ltd,Bidirectional Unit,-76.9,-76.9,76.9,Charging,300.0,250.0,450.0,30.76,-38.0333,144.2833,Market,Battery storage,Storage,9.57,4746.72
2026-10-06 10:05:00,2026-10-06T00:09:15.722179,Victorian Big Battery (VBB1),Victorian Big Battery,VBB1,VIC1,Victorian Big Battery Pty Ltd,Bidirectional Unit,-37.8,-37.8,37.8,Charging,300.0,250.0,450.0,15.12,-38.0333,144.2833,Market,Battery storage,Storage,-0.56,5536.92
2026-10-06 16:10:00,2026-10-06T06:12:48.117386,Victorian Big Battery (VBB1),Victorian Big Battery,VBB1,VIC1,Victorian Big Battery Pty Ltd,Bidirectional Unit,-19.9,-19.9,19.9,Charging,300.0,250.0,450.0,7.96,-38.0333,144.2833,Market,Battery storage,Storage,-16.54,5105.94
2026-10-05 19:10:00,2026-10-05T09:10:08.944446,Wallgrove BESS 1 (WALGRV1),Wallgrove BESS 1,WALGRV1,NSW1,Iberdrola Australia Wallgrove Pty Limited,Bidirectional Unit,-0.61,-0.61,0.61,Idle,50.0,47.0,78.0,1.3,-33.8,150.8,Market,Battery storage,Storage,137.89,7972.41
2026-10-06 04:20:00,2026-10-05T18:21:42.826630,Wallgrove BESS 1 (WALGRV1),Wallgrove BESS 1,WALGRV1,NSW1,Iberdrola Australia Wallgrove Pty Limited,Bidirectional Unit,14.82,14.82,14.82,Discharging,50.0,47.0,78.0,29.64,-33.8,150.8,Market,Battery storage,Storage,230.59,6495.4
2026-10-06 10:05:00,2026-10-06T00:09:15.722179,Wallgrove BESS 1 (WALGRV1),Wallgrove BESS 1,WALGRV1,NSW1,Iberdrola Australia Wallgrove Pty Limited,Bidirectional Unit,-0.6,-0.6,0.6,Idle,50.0,47.0,78.0,1.28,-33.8,150.8,Market,Battery storage,Storage,80.13,4934.32
2026-10-06 16:10:00,2026-10-06T06:12:48.117386,Wallgrove BESS 1 (WALGRV1),Wallgrove BESS 1,WALGRV1,NSW1,Iberdrola Australia Wallgrove Pty Limited,Bidirectional Unit,-0.55,-0.55,0.55,Idle,50.0,47.0,78.0,1.17,-33.8,150.8,Market,Battery storage,Storage,83.99005,7058.75
2026-10-05 19:10:00,2026-10-05T09:10:08.944446,Wandoan BESS (WANDB1),Wandoan BESS,WANDB1,QLD1,AGL Sales (Queensland Electricity) Pty Limited,Bidirectional Unit,46.98,46.98,46.98,Discharging,100.0,100.0,150.0,46.98,-26.1963,149.8828,Market,Battery storage,Storage,132.37055,7222.04
2026-10-06 04:20:00,2026-10-05T18:21:42.826630,Wandoan BESS (WANDB1),Wandoan BESS,WANDB1,QLD1,AGL Sales (Queensland Electricity) Pty Limited,Bidirectional Unit,-0.75,-0.75,0.75,Idle,100.0,100.0,150.0,0.75,-26.1963,149.8828,Market,Battery storage,Storage,201.13802,5638.72
2026-10-06 10:05:00,2026-10-06T00:09:15.722179,Wandoan BESS (WANDB1),Wandoan BESS,WANDB1,QLD1,AGL Sales (Queensland Electricity) Pty Limited,Bidirectional Unit,-0.1,-0.1,0.1,Idle,100.0,100.0,150.0,0.1,-26.1963,149.8828,Market,Battery storage,Storage,87.5158,6087.11
2026-10-06 16:10:00,2026-10-06T06:12:48.117386,Wandoan BESS (WANDB1),Wandoan BESS,WANDB1,QLD1,AGL Sales (Queensland Electricity) Pty Limited,Bidirectional Unit,-0.21,-0.21,0.21,Idle,100.0,100.0,150.0,0.21,-26.1963,149.8828,Market,Battery storage,Storage,78.92067,6526.2
2026-10-05 19:10:00,2026-10-05T09:10:08.944446,Western Downs BESS (WDBESS1),Western Downs BESS,WDBESS1,QLD1,Western Downs BESS Pty Ltd as trustee for the Western Downs BESS Trust,Bidirectional Unit,8.11,8.11,8.11,Discharging,255.0,255.0,400.0,3.18,-26.7167,150.7833,Market,Battery storage,Storage,132.37055,7222.04
2026-10-06 04:20:00,2026-10-05T18:21:42.826630,Western Downs BESS (WDBESS1),Western Downs BESS,WDBESS1,QLD1,Western Downs BESS Pty Ltd as trustee for the Western Downs BESS Trust,Bidirectional Unit,-0.67,-0.67,0.67,Idle,255.0,255.0,400.0,0.26,-26.7167,150.7833,Market,Battery storage,Storage,201.13802,5638.72
2026-10-06 10:05:00,2026-10-06T00:09:15.722179,Western Downs BESS (WDBESS1),Western Downs BESS,WDBESS1,QLD1,Western Downs BESS Pty Ltd as trustee for the Western Downs BESS Trust,Bidirectional Unit,-5.31,-5.31,5.31,Charging,255.0,255.0,400.0,2.08,-26.7167,150.7833,Market,Battery storage,Storage,87.5158,6087.11
2026-10-06 16:10:00,2026-10-06T06:12:48.117386,Western Downs BESS (WDBESS1),Western Downs BESS,WDBESS1,QLD1,Western Downs BESS Pty Ltd as trustee for the Western Downs BESS Trust,Bidirectional Unit,-3.46,-3.46,3.46,Charging,255.0,255.0,400.0,1.36,-26.7167,150.7833,Market,Battery storage,Storage,78.92067,6526.2
2026-10-05 19:10:00,2026-10-05T09:10:08.944446,Waratah Super Battery (WTAHB1),Waratah Super Battery,WTAHB1,NSW1,Munmorah Battery ProjectCo Pty Ltd,Bidirectional Unit,139.21,139.21,139.21,Discharging,850.0,850.0,1679.0,16.38,-33.211781,151.542161,Market,Battery storage,Storage,137.89,7972.41
2026-10-06 04:20:00,2026-10-05T18:21:42.826630,Waratah Super Battery (WTAHB1),Waratah Super Battery,WTAHB1,NSW1,Munmorah Battery ProjectCo Pty Ltd,Bidirectional Unit,0.0,0.0,0.0,Idle,850.0,850.0,1679.0,0.0,-33.211781,151.542161,Market,Battery storage,Storage,230.59,6495.4
2026-10-06 10:05:00,2026-10-06T00:09:15.722179,Waratah Super Battery (WTAHB1),Waratah Super Battery,WTAHB1,NSW1,Munmorah Battery ProjectCo Pty Ltd,Bidirectional Unit,-153.35,-153.35,153.35,Charging,850.0,850.0,1679.0,18.04,-33.211781,151.542161,Market,Battery storage,Storage,80.13,4934.32
2026-10-06 16:10:00,2026-10-06T06:12:48.117386,Waratah Super Battery (WTAHB1),Waratah Super Battery,WTAHB1,NSW1,Munmorah Battery ProjectCo Pty Ltd,Bidirectional Unit,-35.14,-35.14,35.14,Charging,850.0,850.0,1679.0,4.13,-33.211781,151.542161,Market,Battery storage,Storage,83.99005,7058.75
