SETTLEMENTDATE,timestamp_utc,asset_label,Station Name,DUID,Region,Participant,Dispatch Type,SCADAVALUE,SIGNED_MW,ABS_MW,BESS_STATE,REGION_RRP,REGION_TOTALDEMAND,MAX_DISCHARGE_MW,MAX_CHARGE_MW,STORAGE_MWH,utilisation_pct,Latitude,Longitude,Category,Fuel Source - Primary,Technology Type - Primary
2026/10/04 12:00:00,2026-10-04T02:00:43.813648,Adelaide Desalination Plant (ADPBA1),Adelaide Desalination Plant,ADPBA1,SA1,South Australian Water Corporation,Bidirectional Unit,-4.84,-4.84,4.84,Charging,142.86,767.7,6.15,6.0,6.0,80.67,-35.1018,138.4839,Market,Battery storage,Storage
2026/10/04 12:00:00,2026-10-04T02:00:43.813648,Ballarat BESS (BALB1),Ballarat BESS,BALB1,VIC1,EnergyAustralia Pty Ltd,Bidirectional Unit,0.0,0.0,0.0,Idle,5e-05,3254.93,30.0,30.0,30.0,0.0,-37.5675,143.9199,Market,Battery storage,Storage
2026/10/04 12:00:00,2026-10-04T02:00:43.813648,Bouldercombe Battery Project (BBATTERY1),Bouldercombe Battery Project,BBATTERY1,QLD1,Bouldercombe Battery Project Co Pty Ltd as trustee for Bouldercombe Battery Project Trust,Bidirectional Unit,-0.73,-0.73,0.73,Idle,-8.0,2915.25,50.0,50.0,100.0,1.46,-23.53274,150.48979,market,Battery storage,Storage
2026/10/04 12:00:00,2026-10-04T02:00:43.813648,Broken Hill BESS (BHB1),Broken Hill BESS,BHB1,NSW1,AGL Macquarie Pty Limited,Bidirectional Unit,-15.17,-15.17,15.17,Charging,10.40356,3298.52,50.0,50.0,50.0,30.34,-31.9866,141.4589,Market,Battery storage,Storage
2026/10/04 12:00:00,2026-10-04T02:00:43.813648,Blyth BESS (BLYTHB1),Blyth BESS,BLYTHB1,SA1,Blyth Battery Pty Ltd as the Trustee for Blyth Battery Trust,Bidirectional Unit,-0.42,-0.42,0.42,Idle,142.86,767.7,200.0,200.0,400.0,0.21,-33.8474,138.4032,Market,Battery storage,Storage
2026/10/04 12:00:00,2026-10-04T02:00:43.813648,Bolivar Waste Water Treatment Plant (BOWWBA1),Bolivar Waste Water Treatment Plant,BOWWBA1,SA1,South Australian Water Corporation,Bidirectional Unit,-1.78,-1.78,1.78,Charging,142.86,767.7,2.0,2.0,2.0,89.0,-34.775,138.5889,Market,Battery storage,Storage
2026/10/04 12:00:00,2026-10-04T02:00:43.813648,Bulgana Green Power Hub (BULBES1),Bulgana Green Power Hub,BULBES1,VIC1,Bulgana Wind Farm Pty Ltd,Bidirectional Unit,-16.39,-16.39,16.39,Charging,5e-05,3254.93,20.0,20.0,34.0,81.95,-37.0998,142.9654,Market,Battery storage,Storage
2026/10/04 12:00:00,2026-10-04T02:00:43.813648,Capital Battery (CAPBES1),Capital Battery,CAPBES1,NSW1,Capital Battery Pty Ltd as Trustee for Capital Battery Trust,Bidirectional Unit,-47.52,-47.52,47.52,Charging,10.40356,3298.52,100.0,100.0,200.0,47.52,-35.3448,149.2457,Market,Battery storage,Storage
2026/10/04 12:00:00,2026-10-04T02:00:43.813648,Christies Beach Wastewater Treatment Plant (CBWWBA1),Christies Beach Wastewater Treatment Plant,CBWWBA1,SA1,South Australian Water Corporation,Bidirectional Unit,-1.76,-1.76,1.76,Charging,142.86,767.7,2.14,2.0,2.0,88.0,-35.1245,138.4725,Market,Battery storage,Storage
2026/10/04 12:00:00,2026-10-04T02:00:43.813648,"Chinchilla BESS, Units 1-80 (CHBESS1)","Chinchilla BESS, Units 1-80",CHBESS1,QLD1,CS Energy Limited,Bidirectional Unit,-26.42,-26.42,26.42,Charging,-8.0,2915.25,100.0,100.0,200.0,26.42,-26.91788,150.75074,Market,Battery storage,Storage
2026/10/04 12:00:00,2026-10-04T02:00:43.813648,Dalrymple North BESS (DALNTH1),Dalrymple North BESS,DALNTH1,SA1,AGL Dalrymple Pty Limited,Bidirectional Unit,-5.01,-5.01,5.01,Charging,142.86,767.7,30.0,30.0,12.2,16.7,-34.936,137.744,Market,Battery storage,Storage
2026/10/04 12:00:00,2026-10-04T02:00:43.813648,Darlington Point BESS (DPNTB1),Darlington Point BESS,DPNTB1,NSW1,EnergyAustralia Pty Ltd,Bidirectional Unit,-5.28,-5.28,5.28,Charging,10.40356,3298.52,25.0,25.0,50.0,21.12,-34.6472,146.0529,Market,Battery storage,Storage
2026/10/04 12:00:00,2026-10-04T02:00:43.813648,Eraring BESS (ERB01),Eraring BESS,ERB01,NSW1,Origin Energy Electricity Limited,Bidirectional Unit,-459.71,-459.71,459.71,Charging,10.40356,3298.52,460.0,460.0,1073.0,99.94,-33.06223,151.521359,Market,Battery storage,Storage
2026/10/04 12:00:00,2026-10-04T02:00:43.813648,Gannawarra BESS (GANNB1),Gannawarra BESS,GANNB1,VIC1,EnergyAustralia Pty Ltd,Bidirectional Unit,-5.14,-5.14,5.14,Charging,5e-05,3254.93,30.0,30.0,49.85,17.13,-35.73389,143.78,Market,Battery storage,Storage
2026/10/04 12:00:00,2026-10-04T02:00:43.813648,Greenbank BESS (GREENB1),Greenbank BESS,GREENB1,QLD1,CS Energy Limited,Bidirectional Unit,-52.71,-52.71,52.71,Charging,-8.0,2915.25,200.0,200.0,400.0,26.36,-27.7667,152.9667,Market,Battery storage,Storage
2026/10/04 12:00:00,2026-10-04T02:00:43.813648,Hazelwood BESS (HBESS1),Hazelwood BESS,HBESS1,VIC1,Hazelwood BESS Project Co Pty Ltd as Trustee for the HBESS Asset Trust,Bidirectional Unit,-0.9,-0.9,0.9,Idle,5e-05,3254.93,150.0,150.0,150.0,0.6,-38.271833,146.390879,Market,Battery storage,Storage
2026/10/04 12:00:00,2026-10-04T02:00:43.813648,Hornsdale Power Reserve (HPR1),Hornsdale Power Reserve,HPR1,SA1,Hornsdale Power Reserve Pty Ltd,Bidirectional Unit,0.4,0.4,0.4,Idle,142.86,767.7,150.0,150.0,194.0,0.27,-33.187,138.5863,Market,Battery storage,Storage
2026/10/04 12:00:00,2026-10-04T02:00:43.813648,Happy Valley Water Treatment Plant (HVWWBA1),Happy Valley Water Treatment Plant,HVWWBA1,SA1,South Australian Water Corporation,Bidirectional Unit,-0.05,-0.05,0.05,Idle,142.86,767.7,4.0,4.0,4.0,1.25,-35.073,138.572,Market,Battery storage,Storage
2026/10/04 12:00:00,2026-10-04T02:00:43.813648,Koorangie BESS (KESSB1),Koorangie BESS,KESSB1,VIC1,Shell Energy Retail Pty Ltd,Bidirectional Unit,-86.86,-86.86,86.86,Charging,5e-05,3254.93,185.0,185.0,370.0,46.95,-35.733,143.921,Market,Battery storage,Storage
2026/10/04 12:00:00,2026-10-04T02:00:43.813648,Lake Bonney BESS1 (LBB1),Lake Bonney BESS1,LBB1,SA1,Lake Bonney Wind Power Pty Ltd,Bidirectional Unit,-0.15,-0.15,0.15,Idle,142.86,767.7,25.0,52.0,52.0,0.29,-37.738,140.39967,Market,Battery storage,Storage
2026/10/04 12:00:00,2026-10-04T02:00:43.813648,Latrobe Valley BESS (LVES1),Latrobe Valley BESS,LVES1,VIC1,Latrobe Valley BESS as the Trustee for Latrobe Valley BESS Project Trust,Bidirectional Unit,-3.35,-3.35,3.35,Charging,5e-05,3254.93,100.0,100.0,200.0,3.35,-38.2325,146.4068,Market,Battery storage,Storage
2026/10/04 12:00:00,2026-10-04T02:00:43.813648,Mannum BESS (MANNUMB1),Mannum BESS,MANNUMB1,SA1,Mannum Stage 2 Battery SubCo Pty Ltd as trustee for the Mannum Stage 2 Battery Unit Trust,Bidirectional Unit,-0.78,-0.78,0.78,Idle,142.86,767.7,100.0,100.0,200.0,0.78,-34.9,139.3,Market,Battery storage,Storage
2026/10/04 12:00:00,2026-10-04T02:00:43.813648,Melbourne Renewable Energy Hub Connection A1 (MREHA1),Melbourne Renewable Energy Hub Connection A1,MREHA1,VIC1,Equis Energy (Australia) Projects (MREH A1 AssetCo) Pty Ltd as trustee for Equis Energy (Australia) MREH A1 Asset Trust,Bidirectional Unit,-64.12,-64.12,64.12,Charging,5e-05,3254.93,200.0,200.0,400.0,32.06,-38.05,142.19,Market,Battery storage,Storage
2026/10/04 12:00:00,2026-10-04T02:00:43.813648,Melbourne Renewable Energy Hub Connection A2 (MREHA2),Melbourne Renewable Energy Hub Connection A2,MREHA2,VIC1,Equis Energy (Australia) Projects (MREH A2 AssetCo) Pty Ltd as The Trustee for Equis Energy (Australia) MREH A2 Asset Trust,Bidirectional Unit,-64.01,-64.01,64.01,Charging,5e-05,3254.93,200.0,200.0,400.0,32.01,-38.05,142.19,Market,Battery storage,Storage
2026/10/04 12:00:00,2026-10-04T02:00:43.813648,Phillip Island BESS (PIBESS1),Phillip Island BESS,PIBESS1,VIC1,Mondo Metering Pty Ltd,Bidirectional Unit,-0.04,-0.04,0.04,Idle,5e-05,3254.93,5.0,5.0,11.9264,0.8,-38.4842,145.2443,Market,Battery storage,Storage
2026/10/04 12:00:00,2026-10-04T02:00:43.813648,Queanbeyan BESS (QBYNB1),Queanbeyan BESS,QBYNB1,NSW1,Berrybank 2 Asset Pty Ltd as trustee for Berrybank 2 Asset Trust,Bidirectional Unit,-0.05,-0.05,0.05,Idle,10.40356,3298.52,10.0,10.0,20.0,0.5,-35.3528,149.2325,Market,Battery storage,Storage
2026/10/04 12:00:00,2026-10-04T02:00:43.813648,Rangebank BESS (RANGEB1),Rangebank BESS,RANGEB1,VIC1,Shell Energy Retail Pty Ltd,Bidirectional Unit,-100.6,-100.6,100.6,Charging,5e-05,3254.93,200.0,200.0,400.0,50.3,-38.0848,145.2653,Market,Battery storage,Storage
2026/10/04 12:00:00,2026-10-04T02:00:43.813648,Riverina BESS 1 (RESS1),Riverina BESS 1,RESS1,NSW1,Shell Energy Retail Pty Ltd,Bidirectional Unit,-30.62,-30.62,30.62,Charging,10.40356,3298.52,60.0,60.0,120.0,51.03,-34.6,146.0,Market,Battery storage,Storage
2026/10/04 12:00:00,2026-10-04T02:00:43.813648,Riverena BESS 2 (RIVNB2),Riverena BESS 2,RIVNB2,NSW1,EnergyAustralia Pty Ltd,Bidirectional Unit,-13.62,-13.62,13.62,Charging,10.40356,3298.52,65.0,65.0,130.0,20.95,-34.65,146.03,Market,Battery storage,Storage
2026/10/04 12:00:00,2026-10-04T02:00:43.813648,Tarong BESS (TARBESS1),Tarong BESS,TARBESS1,QLD1,Stanwell Corporation Limited,Bidirectional Unit,-80.65,-80.65,80.65,Charging,-8.0,2915.25,300.0,300.0,600.0,26.88,-26.783688,151.915274,Market,Battery storage,Storage
2026/10/04 12:00:00,2026-10-04T02:00:43.813648,Tailem Bend 2 Hybrid Renewable Power Station (TB2B1),Tailem Bend 2 Hybrid Renewable Power Station,TB2B1,SA1,Tailem Bend II Project Company Pty Ltd as trustee for the Tailem Bend II Project Trust,Bidirectional Unit,-0.34,-0.34,0.34,Idle,142.86,767.7,41.0,41.0,41.0,0.83,-35.28,139.49,Market,Battery storage,Storage
2026/10/04 12:00:00,2026-10-04T02:00:43.813648,Templers BESS (TEMPB1),Templers BESS,TEMPB1,SA1,ZEN Energy Retail Pty Ltd,Bidirectional Unit,-0.9,-0.9,0.9,Idle,142.86,767.7,111.0,111.0,285.0,0.81,-34.46,138.749,Market,Battery Storage,Storage
2026/10/04 12:00:00,2026-10-04T02:00:43.813648,Torrens Island BESS (TIB1),Torrens Island BESS,TIB1,SA1,AGL SA Generation Pty Limited,Bidirectional Unit,0.06,0.06,0.06,Idle,142.86,767.7,250.0,250.0,250.0,0.02,-34.8068,138.5213,Market,Battery Storage,Storage
2026/10/04 12:00:00,2026-10-04T02:00:43.813648,Ulinda Park BESS (ULPBESS1),Ulinda Park BESS,ULPBESS1,QLD1,Ulinda Park ProjectCo Pty Ltd,Bidirectional Unit,-35.34,-35.34,35.34,Charging,-8.0,2915.25,155.0,155.0,298.0,22.8,-26.929416,150.719896,Market,Battery storage,Storage
2026/10/04 12:00:00,2026-10-04T02:00:43.813648,Victorian Big Battery (VBB1),Victorian Big Battery,VBB1,VIC1,Victorian Big Battery Pty Ltd,Bidirectional Unit,-42.4,-42.4,42.4,Charging,5e-05,3254.93,300.0,250.0,450.0,16.96,-38.0333,144.2833,Market,Battery storage,Storage
2026/10/04 12:00:00,2026-10-04T02:00:43.813648,Wallgrove BESS 1 (WALGRV1),Wallgrove BESS 1,WALGRV1,NSW1,Iberdrola Australia Wallgrove Pty Limited,Bidirectional Unit,-0.2,-0.2,0.2,Idle,10.40356,3298.52,50.0,47.0,78.0,0.43,-33.8,150.8,Market,Battery storage,Storage
2026/10/04 12:00:00,2026-10-04T02:00:43.813648,Wandoan BESS (WANDB1),Wandoan BESS,WANDB1,QLD1,AGL Sales (Queensland Electricity) Pty Limited,Bidirectional Unit,-46.53,-46.53,46.53,Charging,-8.0,2915.25,100.0,100.0,150.0,46.53,-26.1963,149.8828,Market,Battery storage,Storage
2026/10/04 12:00:00,2026-10-04T02:00:43.813648,Western Downs BESS (WDBESS1),Western Downs BESS,WDBESS1,QLD1,Western Downs BESS Pty Ltd as trustee for the Western Downs BESS Trust,Bidirectional Unit,-28.34,-28.34,28.34,Charging,-8.0,2915.25,255.0,255.0,400.0,11.11,-26.7167,150.7833,Market,Battery storage,Storage
2026/10/04 12:00:00,2026-10-04T02:00:43.813648,Waratah Super Battery (WTAHB1),Waratah Super Battery,WTAHB1,NSW1,Munmorah Battery ProjectCo Pty Ltd,Bidirectional Unit,-255.94,-255.94,255.94,Charging,10.40356,3298.52,850.0,850.0,1679.0,30.11,-33.211781,151.542161,Market,Battery storage,Storage
