SETTLEMENTDATE,REGIONID,RRP,TOTALDEMAND,timestamp_utc,BATTERY_CHARGING_MW,BATTERY_DISCHARGING_MW,RENEWABLE_GEN_MW,RENEWABLE_DEMAND_DELTA_MW
2026-10-05 06:30:00,NSW1,121.01,6484.02,2026-10-04T20:28:48.453497,0.0,72.67999999999999,885.7199999999999,-5598.3
2026-10-05 09:25:00,NSW1,80.12035,6214.39,2026-10-04T23:25:10.362861,104.64,0.0,2189.91,-4024.480000000001
2026-10-05 12:15:00,NSW1,90.65,5352.2,2026-10-05T02:13:37.604593,539.08,0.0,2502.41,-2849.79
2026-10-05 19:10:00,NSW1,137.89,7972.41,2026-10-05T09:10:08.075230,2.5,488.15,994.29,-6978.12
2026-10-06 04:25:00,NSW1,230.59,6495.4,2026-10-05T18:21:41.471705,60.12,14.82,1218.73,-5276.67
2026-10-05 06:30:00,QLD1,101.81229,5272.86,2026-10-04T20:28:48.453497,2.15,0.0,736.05,-4536.81
2026-10-05 09:25:00,QLD1,46.03,4418.76,2026-10-04T23:25:10.362861,93.42,0.0,2895.4700000000003,-1523.29
2026-10-05 12:15:00,QLD1,25.03,3976.6,2026-10-05T02:13:37.604593,280.96,0.0,2771.59,-1205.0099999999998
2026-10-05 19:10:00,QLD1,132.37055,7222.04,2026-10-05T09:10:08.075230,1.32,280.01,892.3900000000001,-6329.65
2026-10-06 04:25:00,QLD1,201.13802,5638.72,2026-10-05T18:21:41.471705,0.0,0.0,839.87,-4798.85
2026-10-05 06:30:00,SA1,260.44,1161.38,2026-10-04T20:28:48.453497,0.0,294.94,74.94,-1086.44
2026-10-05 09:25:00,SA1,78.4113,645.23,2026-10-04T23:25:10.362861,23.31,0.0,396.07,-249.16000000000005
2026-10-05 12:15:00,SA1,-5.99994,259.53,2026-10-05T02:13:37.604593,458.28,0.0,570.93,311.4
2026-10-05 19:10:00,SA1,127.80395,1365.45,2026-10-05T09:10:08.075230,0.0,290.8,233.45,-1132.0
2026-10-06 04:25:00,SA1,100.44,1260.98,2026-10-05T18:21:41.471705,29.42,48.0,580.91,-680.07
2026-10-05 06:30:00,TAS1,286.8773,1193.16,2026-10-04T20:28:48.453497,0.0,0.0,1636.33,443.1699999999999
2026-10-05 09:25:00,TAS1,110.17,984.81,2026-10-04T23:25:10.362861,0.0,0.0,1150.89,166.07999999999993
2026-10-05 12:15:00,TAS1,110.2,909.79,2026-10-05T02:13:37.604593,0.0,0.0,1071.88,162.08999999999992
2026-10-05 19:10:00,TAS1,108.48194,1179.77,2026-10-05T09:10:08.075230,0.0,0.0,1584.27,404.5
2026-10-06 04:25:00,TAS1,38.23912,903.83,2026-10-05T18:21:41.471705,0.0,0.0,779.57,-124.25999999999999
2026-10-05 06:30:00,VIC1,319.85054,6406.07,2026-10-04T20:28:48.453497,0.0,495.89,726.21,-5679.86
2026-10-05 09:25:00,VIC1,80.09232,5262.56,2026-10-04T23:25:10.362861,77.42999999999999,0.0,733.98,-4528.58
2026-10-05 12:15:00,VIC1,81.47811,4867.23,2026-10-05T02:13:37.604593,158.12,0.0,849.07,-4018.16
2026-10-05 19:10:00,VIC1,121.45766,6316.13,2026-10-05T09:10:08.075230,0.0,640.61,1294.78,-5021.35
2026-10-06 04:25:00,VIC1,9.57,4746.72,2026-10-05T18:21:41.471705,183.85000000000002,0.0,2605.58,-2141.1400000000003
